email,password
vega@company.com,vega
lane@company.com,lane
pennington@company.com,pennington
craft@company.com,craft
briggs@company.com,briggs
harris@company.com,harris
moreno@company.com,moreno
mcintosh@company.com,mcintosh
compton@company.com,compton
shepherd@company.com,shepherd
jones@company.com,jones
carpenter@company.com,carpenter
delacruz@company.com,delacruz
suarez@company.com,suarez
myers@company.com,myers
wright@company.com,wright
soto@company.com,soto
mercado@company.com,mercado
franco@company.com,franco
waters@company.com,waters
campos@company.com,campos
bartlett@company.com,bartlett
nielsen@company.com,nielsen
zimmerman@company.com,zimmerman
gentry@company.com,gentry
deleon@company.com,deleon
herring@company.com,herring
lara@company.com,lara
norman@company.com,norman
elliot@company.com,elliot
dummy@company.com,dummy
